{
  "Date": {
    "0": 1650326400000,
    "1": 1650412800000,
    "2": 1650499200000,
    "3": 1650585600000,
    "4": 1650672000000,
    "5": 1650758400000,
    "6": 1650844800000,
    "7": 1650931200000,
    "8": 1651017600000,
    "9": 1651104000000,
    "10": 1651190400000,
    "11": 1651276800000,
    "12": 1651363200000,
    "13": 1651449600000,
    "14": 1651536000000,
    "15": 1651622400000,
    "16": 1651708800000,
    "17": 1651795200000,
    "18": 1651881600000,
    "19": 1651968000000,
    "20": 1652054400000,
    "21": 1652140800000,
    "22": 1652227200000,
    "23": 1652313600000,
    "24": 1652400000000,
    "25": 1652486400000,
    "26": 1652572800000,
    "27": 1652659200000,
    "28": 1652745600000,
    "29": 1652832000000,
    "30": 1652918400000,
    "31": 1653004800000,
    "32": 1653091200000,
    "33": 1653177600000,
    "34": 1653264000000,
    "35": 1653350400000,
    "36": 1653436800000,
    "37": 1653523200000,
    "38": 1653609600000,
    "39": 1653696000000,
    "40": 1653782400000,
    "41": 1653868800000,
    "42": 1653955200000,
    "43": 1654041600000,
    "44": 1654128000000,
    "45": 1654214400000,
    "46": 1654300800000,
    "47": 1654387200000,
    "48": 1654473600000,
    "49": 1654560000000,
    "50": 1654646400000,
    "51": 1654732800000,
    "52": 1654819200000,
    "53": 1654905600000,
    "54": 1654992000000,
    "55": 1655078400000,
    "56": 1655164800000,
    "57": 1655251200000,
    "58": 1655337600000,
    "59": 1655424000000,
    "60": 1655510400000,
    "61": 1655596800000,
    "62": 1655683200000
  },
  "Price": {
    "0": 2601.058898363,
    "1": 2614.2223024151,
    "2": 2685.4061310051,
    "3": 2756.2603391966,
    "4": 2632.2029707753,
    "5": 2769.946477647,
    "6": 2737.324583164,
    "7": 2702.0148501255,
    "8": 2627.4245428468,
    "9": 2679.1594843887,
    "10": 2632.1051153912,
    "11": 2628.37524426,
    "12": 2657.1651478107,
    "13": 2607.3513375408,
    "14": 2634.3184716816,
    "15": 2584.7910392128,
    "16": 2601.2485216228,
    "17": 2662.0772865779,
    "18": 2631.7108177997,
    "19": 2713.6987396455,
    "20": 2600.0549349214,
    "21": 2748.0845597717,
    "22": 2632.0255070022,
    "23": 2670.3604526159,
    "24": 2773.0632705577,
    "25": 2746.9370442758,
    "26": 2639.3183196218,
    "27": 2651.6611845769,
    "28": 2702.6887448811,
    "29": 2733.2366260729,
    "30": 2674.5098922489,
    "31": 2655.6751900625,
    "32": 2615.4573622018,
    "33": 2781.0161920087,
    "34": 2550.0345751786,
    "35": 2686.0809763088,
    "36": 2678.6750033549,
    "37": 2769.5764058415,
    "38": 2746.3323337166,
    "39": 2749.3605998643,
    "40": 2738.9105076888,
    "41": 2709.5327305299,
    "42": 2669.177109964,
    "43": 2732.7367987879,
    "44": 2746.137852481,
    "45": 2756.8763505596,
    "46": 2767.6001217923,
    "47": 2685.7379533633,
    "48": 2747.2695572764,
    "49": 2730.3231655453,
    "50": 2661.352540449,
    "51": 2625.2230947336,
    "52": 2670.589503394,
    "53": 2680.1435851043,
    "54": 2794.4134053079,
    "55": 2734.0679555841,
    "56": 2754.3353567435,
    "57": 2779.9903265588,
    "58": 2720.5158367668,
    "59": 2744.229955678,
    "60": 2768.5282528623,
    "61": 2762.0898708896,
    "62": 2778.2600433671
  }
}
